[
  {
    "latitude": "39.93778",
    "altitude": "-3.74613",
    "bright": "304.32"
  },
  {
    "latitude": "40.2453",
    "altitude": "-3.47399",
    "bright": "320.72"
  },
  {
    "latitude": "41.19001",
    "altitude": "1.22202",
    "bright": "300.98"
  },
  {
    "latitude": "41.40777",
    "altitude": "1.99683",
    "bright": "307.73"
  },
  {
    "latitude": "41.45637",
    "altitude": "1.97765",
    "bright": "302.07"
  },
  {
    "latitude": "41.47564",
    "altitude": "-1.4886",
    "bright": "303.34"
  },
  {
    "latitude": "42.81275",
    "altitude": "-1.74252",
    "bright": "311.92"
  },
  {
    "latitude": "43.03461",
    "altitude": "-2.22114",
    "bright": "297.26"
  },
  {
    "latitude": "43.52319",
    "altitude": "-5.73728",
    "bright": "296.97"
  },
  {
    "latitude": "43.52444",
    "altitude": "-5.7305",
    "bright": "299.62"
  },
  {
    "latitude": "43.52514",
    "altitude": "-5.73677",
    "bright": "302.62"
  },
  {
    "latitude": "43.52632",
    "altitude": "-5.73009",
    "bright": "302.02"
  },
  {
    "latitude": "43.52824",
    "altitude": "-5.72974",
    "bright": "300.18"
  },
  {
    "latitude": "43.53946",
    "altitude": "-5.832",
    "bright": "311.75"
  },
  {
    "latitude": "43.54087",
    "altitude": "-5.83178",
    "bright": "308.84"
  },
  {
    "latitude": "36.96708",
    "altitude": "-1.90702",
    "bright": "314.28"
  },
  {
    "latitude": "37.35914",
    "altitude": "-6.67611",
    "bright": "298.39"
  },
  {
    "latitude": "37.36016",
    "altitude": "-5.86783",
    "bright": "297.87"
  },
  {
    "latitude": "38.26531",
    "altitude": "-6.33231",
    "bright": "309.86"
  },
  {
    "latitude": "38.3756",
    "altitude": "-0.54341",
    "bright": "310.97"
  },
  {
    "latitude": "38.37925",
    "altitude": "-6.48419",
    "bright": "300.68"
  },
  {
    "latitude": "36.76311",
    "altitude": "-6.33866",
    "bright": "344.42"
  },
  {
    "latitude": "38.25528",
    "altitude": "-6.2679",
    "bright": "335.66"
  },
  {
    "latitude": "38.91016",
    "altitude": "-6.59582",
    "bright": "340.74"
  },
  {
    "latitude": "40.24469",
    "altitude": "-3.4743",
    "bright": "336.89"
  },
  {
    "latitude": "43.44202",
    "altitude": "-3.84183",
    "bright": "337.74"
  },
  {
    "latitude": "41.04018",
    "altitude": "-4.90982",
    "bright": "335.54"
  },
  {
    "latitude": "42.07063",
    "altitude": "-5.38391",
    "bright": "335.81"
  },
  {
    "latitude": "42.07116",
    "altitude": "-5.38093",
    "bright": "345.95"
  }
]